,0
0,-0.42893619491581614
1,-0.42893619491581614
2,-0.42893619491581614
3,-0.896363196810187
4,-0.42893619491581614
5,-0.42893619491581614
6,-0.42893619491581614
7,-0.42893619491581614
8,-0.42893619491581614
9,-0.42893619491581614
10,-0.42893619491581614
11,-0.42893619491581614
12,-0.42893619491581614
13,-0.42893619491581614
14,-0.42893619491581614
15,-0.42893619491581614
16,-0.42893619491581614
17,-0.42893619491581614
18,-0.42893619491581614
19,-0.42893619491581614
20,-0.42893619491581614
21,-0.42893619491581614
22,-0.42893619491581614
23,-0.42893619491581614
24,-0.42893619491581614
25,-0.42893619491581614
26,-0.42893619491581614
27,-0.42893619491581614
28,-0.42893619491581614
29,-0.42893619491581614
30,-0.42893619491581614
31,-0.42893619491581614
32,-0.42893619491581614
33,-0.42893619491581614
34,-0.42893619491581614
35,-0.42893619491581614
36,-0.42893619491581614
37,-0.42893619491581614
38,-0.42893619491581614
39,-0.42893619491581614
40,-0.42893619491581614
41,-0.42893619491581614
42,-0.42893619491581614
43,-0.42893619491581614
44,-0.42893619491581614
45,-0.42893619491581614
46,-0.42893619491581614
47,-0.42893619491581614
48,-0.42893619491581614
49,-0.42893619491581614
50,-0.42893619491581614
51,-0.42893619491581614
52,-0.42893619491581614
53,-0.9900590216433561
54,-0.42893619491581614
55,-0.42893619491581614
56,-0.42893619491581614
57,-0.42893619491581614
58,-0.42893619491581614
59,-0.42893619491581614
60,-0.42893619491581614
61,-0.42893619491581614
62,-0.42893619491581614
63,-0.42893619491581614
64,-0.42893619491581614
65,-0.42893619491581614
66,-0.42893619491581614
67,-0.42893619491581614
68,-0.42893619491581614
69,-0.42893619491581614
70,-0.42893619491581614
71,-0.42893619491581614
72,-0.42893619491581614
73,-0.42893619491581614
74,-0.42893619491581614
75,-0.42893619491581614
76,-0.42893619491581614
77,-0.42893619491581614
78,-0.42893619491581614
79,-0.42893619491581614
80,-0.896363196810187
81,-0.42893619491581614
82,-0.42893619491581614
83,-0.896363196810187
84,-0.42893619491581614
85,-0.42893619491581614
86,-0.42893619491581614
87,-0.42893619491581614
88,-0.42893619491581614
89,-0.42893619491581614
90,-0.42893619491581614
91,-0.42893619491581614
92,-0.896363196810187
93,-0.42893619491581614
94,-0.42893619491581614
95,-0.42893619491581614
96,-0.42893619491581614
97,-0.42893619491581614
98,-0.42893619491581614
99,-0.42893619491581614
100,-0.42893619491581614
101,-0.42893619491581614
102,-0.42893619491581614
103,-0.9991287805481117
104,-0.42893619491581614
105,-0.42893619491581614
106,-0.42893619491581614
107,-0.42893619491581614
108,-0.42893619491581614
109,-0.42893619491581614
110,-0.42893619491581614
111,-0.42893619491581614
112,-0.42893619491581614
113,-0.42893619491581614
114,-0.42893619491581614
115,-0.42893619491581614
116,-0.42893619491581614
117,-0.896363196810187
118,-0.42893619491581614
119,-0.9999242798859399
120,-0.42893619491581614
121,-0.42893619491581614
122,-0.42893619491581614
123,-0.42893619491581614
124,-0.42893619491581614
125,-0.42893619491581614
126,-0.42893619491581614
127,-0.42893619491581614
128,-0.896363196810187
129,-0.42893619491581614
130,-0.42893619491581614
131,-0.42893619491581614
132,-0.42893619491581614
133,-0.42893619491581614
134,-0.42893619491581614
135,-0.42893619491581614
136,-0.42893619491581614
137,-0.42893619491581614
138,-0.42893619491581614
139,-0.42893619491581614
140,-0.42893619491581614
141,-0.42893619491581614
142,-0.42893619491581614
143,-0.42893619491581614
144,-0.42893619491581614
145,-0.42893619491581614
146,-0.42893619491581614
147,-0.42893619491581614
148,-0.42893619491581614
149,-0.42893619491581614
150,-0.42893619491581614
151,-0.42893619491581614
152,-0.896363196810187
153,-0.896363196810187
154,-0.42893619491581614
155,-0.896363196810187
156,-0.896363196810187
157,-0.42893619491581614
158,-0.42893619491581614
159,-0.42893619491581614
160,-0.896363196810187
161,-0.42893619491581614
162,-0.896363196810187
163,-0.42893619491581614
164,-0.42893619491581614
165,-0.896363196810187
166,-0.42893619491581614
167,-0.42893619491581614
168,-0.42893619491581614
169,-0.42893619491581614
170,-0.42893619491581614
171,-0.42893619491581614
172,-0.42893619491581614
173,-0.42893619491581614
174,-0.42893619491581614
175,-0.42893619491581614
176,-0.42893619491581614
177,-0.42893619491581614
178,-0.42893619491581614
179,-0.896363196810187
180,-0.42893619491581614
181,-0.42893619491581614
182,-0.42893619491581614
183,-0.42893619491581614
184,-0.42893619491581614
185,-0.42893619491581614
186,-0.42893619491581614
187,-0.42893619491581614
188,-0.42893619491581614
189,-0.42893619491581614
190,-0.42893619491581614
191,-0.42893619491581614
192,-0.42893619491581614
193,-0.42893619491581614
194,-0.42893619491581614
195,-0.42893619491581614
196,-0.42893619491581614
197,-0.42893619491581614
198,-0.42893619491581614
199,-0.896363196810187
200,-0.42893619491581614
201,-0.896363196810187
202,-0.42893619491581614
203,-0.42893619491581614
204,-0.896363196810187
205,-0.42893619491581614
206,-0.42893619491581614
207,-0.9900590216433561
208,-0.42893619491581614
209,-0.896363196810187
210,-0.42893619491581614
211,-0.42893619491581614
212,-0.42893619491581614
213,-0.42893619491581614
214,-0.42893619491581614
215,-0.42893619491581614
216,-0.42893619491581614
217,-0.42893619491581614
218,-0.42893619491581614
219,-0.896363196810187
220,-0.42893619491581614
221,-0.42893619491581614
222,-0.42893619491581614
223,-0.42893619491581614
224,-0.42893619491581614
225,-0.42893619491581614
226,-0.42893619491581614
227,-0.42893619491581614
228,-0.42893619491581614
229,-0.42893619491581614
230,-0.42893619491581614
231,-0.42893619491581614
232,-0.42893619491581614
233,-0.9900590216433561
234,-0.42893619491581614
235,-0.896363196810187
236,-0.42893619491581614
237,-0.42893619491581614
238,-0.42893619491581614
239,-0.42893619491581614
240,-0.42893619491581614
241,-0.42893619491581614
242,-0.42893619491581614
243,-0.42893619491581614
244,-0.42893619491581614
245,-0.42893619491581614
246,-0.42893619491581614
247,-0.42893619491581614
248,-0.42893619491581614
249,-0.9991287805481117
250,-0.42893619491581614
251,-0.42893619491581614
252,-0.42893619491581614
253,-0.42893619491581614
254,-0.42893619491581614
255,-0.9900590216433561
256,-0.42893619491581614
257,-0.42893619491581614
258,-0.42893619491581614
259,-0.42893619491581614
260,-0.896363196810187
261,-0.42893619491581614
262,-0.42893619491581614
263,-0.42893619491581614
264,-0.42893619491581614
265,-0.42893619491581614
266,-0.42893619491581614
267,-0.42893619491581614
268,-0.42893619491581614
269,-0.42893619491581614
270,-0.42893619491581614
271,-0.42893619491581614
272,-0.42893619491581614
273,-0.42893619491581614
274,-0.42893619491581614
275,-0.42893619491581614
276,-0.42893619491581614
277,-0.42893619491581614
278,-0.42893619491581614
279,-0.42893619491581614
280,-0.42893619491581614
281,-0.42893619491581614
282,-0.42893619491581614
283,-0.42893619491581614
284,-0.42893619491581614
285,-0.896363196810187
286,-0.896363196810187
287,-0.42893619491581614
288,-0.42893619491581614
289,-0.42893619491581614
290,-0.42893619491581614
291,-0.42893619491581614
292,-0.42893619491581614
293,-0.42893619491581614
294,-0.42893619491581614
295,-0.42893619491581614
296,-0.42893619491581614
297,-0.42893619491581614
298,-0.42893619491581614
299,-0.42893619491581614
300,-0.42893619491581614
301,-0.42893619491581614
302,-0.42893619491581614
303,-0.42893619491581614
304,-0.42893619491581614
305,-0.42893619491581614
306,-0.42893619491581614
307,-0.42893619491581614
308,-0.42893619491581614
309,-0.42893619491581614
310,-0.42893619491581614
311,-0.42893619491581614
312,-0.42893619491581614
313,-0.42893619491581614
314,-0.42893619491581614
315,-0.42893619491581614
316,-0.42893619491581614
317,-0.42893619491581614
318,-0.42893619491581614
319,-0.42893619491581614
320,-0.42893619491581614
321,-0.42893619491581614
322,-0.42893619491581614
323,-0.9900590216433561
324,-0.42893619491581614
325,-0.896363196810187
326,-0.42893619491581614
327,-0.42893619491581614
328,-0.42893619491581614
329,-0.42893619491581614
330,-0.42893619491581614
331,-0.42893619491581614
332,-0.42893619491581614
333,-0.42893619491581614
334,-0.42893619491581614
335,-0.42893619491581614
336,-0.42893619491581614
337,-0.42893619491581614
338,-0.42893619491581614
339,-0.42893619491581614
340,-0.896363196810187
341,-0.42893619491581614
342,-0.42893619491581614
343,-0.42893619491581614
344,-0.42893619491581614
345,-0.42893619491581614
346,-0.42893619491581614
347,-0.42893619491581614
348,-0.42893619491581614
349,-0.42893619491581614
350,-0.896363196810187
351,-0.42893619491581614
352,-0.42893619491581614
353,-0.42893619491581614
354,-0.42893619491581614
355,-0.42893619491581614
356,-0.896363196810187
357,-0.42893619491581614
358,-0.42893619491581614
359,-0.42893619491581614
360,-0.42893619491581614
361,-0.42893619491581614
362,-0.42893619491581614
363,-0.42893619491581614
364,-0.42893619491581614
365,-0.42893619491581614
366,-0.42893619491581614
367,-0.42893619491581614
368,-0.42893619491581614
369,-0.42893619491581614
370,-0.42893619491581614
371,-0.42893619491581614
372,-0.42893619491581614
373,-0.42893619491581614
374,-0.896363196810187
375,-0.896363196810187
376,-0.42893619491581614
377,-0.42893619491581614
378,-0.42893619491581614
379,-0.9900590216433561
380,-0.42893619491581614
381,-0.42893619491581614
382,-0.42893619491581614
383,-0.42893619491581614
384,-0.42893619491581614
385,-0.42893619491581614
386,-0.42893619491581614
387,-0.42893619491581614
388,-0.42893619491581614
389,-0.42893619491581614
390,-0.42893619491581614
391,-0.42893619491581614
392,-0.42893619491581614
393,-0.42893619491581614
394,-0.42893619491581614
395,-0.42893619491581614
396,-0.42893619491581614
397,-0.42893619491581614
398,-0.42893619491581614
399,-0.42893619491581614
400,-0.42893619491581614
401,-0.42893619491581614
402,-0.42893619491581614
403,-0.42893619491581614
404,-0.896363196810187
405,-0.42893619491581614
406,-0.42893619491581614
407,-0.42893619491581614
408,-0.896363196810187
409,-0.42893619491581614
410,-0.42893619491581614
411,-0.42893619491581614
412,-0.42893619491581614
413,-0.42893619491581614
414,-0.42893619491581614
415,-0.42893619491581614
416,-0.42893619491581614
417,-0.42893619491581614
418,-0.42893619491581614
419,-0.42893619491581614
420,-0.42893619491581614
421,-0.42893619491581614
422,-0.42893619491581614
423,-0.42893619491581614
424,-0.42893619491581614
425,-0.42893619491581614
426,-0.42893619491581614
427,-0.42893619491581614
428,-0.42893619491581614
429,-0.42893619491581614
430,-0.42893619491581614
431,-0.42893619491581614
432,-0.42893619491581614
433,-0.42893619491581614
434,-0.42893619491581614
435,-0.42893619491581614
436,-0.42893619491581614
437,-0.42893619491581614
438,-0.42893619491581614
439,-0.42893619491581614
440,-0.42893619491581614
441,-0.42893619491581614
442,-0.42893619491581614
443,-0.42893619491581614
444,-0.42893619491581614
445,-0.42893619491581614
446,-0.42893619491581614
447,-0.42893619491581614
448,-0.42893619491581614
449,-0.9900590216433561
450,-0.42893619491581614
451,-0.42893619491581614
452,-0.42893619491581614
453,-0.42893619491581614
454,-0.42893619491581614
455,-0.42893619491581614
456,-0.42893619491581614
457,-0.42893619491581614
458,-0.42893619491581614
459,-0.42893619491581614
460,-0.42893619491581614
461,-0.42893619491581614
462,-0.42893619491581614
463,-0.42893619491581614
464,-0.42893619491581614
465,-0.42893619491581614
466,-0.42893619491581614
467,-0.42893619491581614
468,-0.42893619491581614
469,-0.42893619491581614
470,-0.42893619491581614
471,-0.42893619491581614
472,-0.42893619491581614
473,-0.42893619491581614
474,-0.42893619491581614
475,-0.42893619491581614
476,-0.42893619491581614
477,-0.42893619491581614
478,-0.42893619491581614
479,-0.42893619491581614
480,-0.42893619491581614
481,-0.42893619491581614
482,-0.42893619491581614
483,-0.42893619491581614
484,-0.42893619491581614
485,-0.42893619491581614
486,-0.42893619491581614
487,-0.42893619491581614
488,-0.9900590216433561
489,-0.42893619491581614
490,-0.42893619491581614
491,-0.42893619491581614
492,-0.42893619491581614
493,-0.42893619491581614
494,-0.42893619491581614
495,-0.42893619491581614
496,-0.42893619491581614
497,-0.42893619491581614
498,-0.42893619491581614
499,-0.42893619491581614
500,-0.42893619491581614
501,-0.42893619491581614
502,-0.42893619491581614
503,-0.896363196810187
504,-0.42893619491581614
505,-0.42893619491581614
506,-0.42893619491581614
507,-0.42893619491581614
508,-0.42893619491581614
509,-0.42893619491581614
510,-0.42893619491581614
511,-0.42893619491581614
512,-0.42893619491581614
513,-0.42893619491581614
514,-0.42893619491581614
515,-0.42893619491581614
516,-0.42893619491581614
517,-0.42893619491581614
518,-0.42893619491581614
519,-0.42893619491581614
520,-0.42893619491581614
521,-0.42893619491581614
522,-0.42893619491581614
523,-0.42893619491581614
524,-0.42893619491581614
525,-0.42893619491581614
526,-0.42893619491581614
527,-0.42893619491581614
528,-0.42893619491581614
529,-0.42893619491581614
530,-0.42893619491581614
531,-0.42893619491581614
532,-0.42893619491581614
533,-0.42893619491581614
534,-0.42893619491581614
535,-0.42893619491581614
536,-0.42893619491581614
537,-0.42893619491581614
538,-0.42893619491581614
539,-0.42893619491581614
540,-0.42893619491581614
541,-0.42893619491581614
542,-0.42893619491581614
543,-0.42893619491581614
544,-0.42893619491581614
545,-0.42893619491581614
546,-0.42893619491581614
547,-0.42893619491581614
548,-0.42893619491581614
549,-0.42893619491581614
550,-0.42893619491581614
551,-0.42893619491581614
552,-0.42893619491581614
553,-0.9900590216433561
554,-0.42893619491581614
555,-0.42893619491581614
556,-0.42893619491581614
557,-0.42893619491581614
558,-0.42893619491581614
559,-0.42893619491581614
560,-0.42893619491581614
561,-0.42893619491581614
562,-0.42893619491581614
563,-0.42893619491581614
564,-0.42893619491581614
565,-0.42893619491581614
566,-0.42893619491581614
567,-0.42893619491581614
568,-0.42893619491581614
569,-0.42893619491581614
570,-0.42893619491581614
571,-0.42893619491581614
572,-0.42893619491581614
573,-0.42893619491581614
574,-0.42893619491581614
575,-0.42893619491581614
576,-0.42893619491581614
577,-0.42893619491581614
578,-0.42893619491581614
579,-0.42893619491581614
580,-0.896363196810187
581,-0.42893619491581614
582,-0.42893619491581614
583,-0.896363196810187
584,-0.42893619491581614
585,-0.42893619491581614
586,-0.42893619491581614
587,-0.42893619491581614
588,-0.42893619491581614
589,-0.42893619491581614
590,-0.42893619491581614
591,-0.42893619491581614
592,-0.896363196810187
593,-0.42893619491581614
594,-0.42893619491581614
595,-0.42893619491581614
596,-0.42893619491581614
597,-0.42893619491581614
598,-0.42893619491581614
599,-0.42893619491581614
600,-0.42893619491581614
601,-0.42893619491581614
602,-0.42893619491581614
603,-0.9991287805481117
604,-0.42893619491581614
605,-0.42893619491581614
606,-0.42893619491581614
607,-0.42893619491581614
608,-0.42893619491581614
609,-0.42893619491581614
610,-0.42893619491581614
611,-0.42893619491581614
612,-0.42893619491581614
613,-0.42893619491581614
614,-0.42893619491581614
615,-0.42893619491581614
616,-0.42893619491581614
617,-0.896363196810187
618,-0.42893619491581614
619,-0.9999242798859399
620,-0.42893619491581614
621,-0.42893619491581614
622,-0.42893619491581614
623,-0.42893619491581614
624,-0.42893619491581614
625,-0.42893619491581614
626,-0.42893619491581614
627,-0.42893619491581614
628,-0.896363196810187
629,-0.42893619491581614
630,-0.42893619491581614
631,-0.42893619491581614
632,-0.42893619491581614
633,-0.42893619491581614
634,-0.42893619491581614
635,-0.42893619491581614
636,-0.42893619491581614
637,-0.42893619491581614
638,-0.42893619491581614
639,-0.42893619491581614
640,-0.42893619491581614
641,-0.42893619491581614
642,-0.42893619491581614
643,-0.42893619491581614
644,-0.42893619491581614
645,-0.42893619491581614
646,-0.42893619491581614
647,-0.42893619491581614
648,-0.42893619491581614
649,-0.42893619491581614
650,-0.42893619491581614
651,-0.42893619491581614
652,-0.896363196810187
653,-0.896363196810187
654,-0.42893619491581614
655,-0.896363196810187
656,-0.896363196810187
657,-0.42893619491581614
658,-0.42893619491581614
659,-0.42893619491581614
660,-0.896363196810187
661,-0.42893619491581614
662,-0.896363196810187
663,-0.42893619491581614
664,-0.42893619491581614
665,-0.896363196810187
666,-0.42893619491581614
667,-0.42893619491581614
668,-0.42893619491581614
669,-0.42893619491581614
670,-0.42893619491581614
671,-0.42893619491581614
672,-0.42893619491581614
673,-0.42893619491581614
674,-0.42893619491581614
675,-0.42893619491581614
676,-0.42893619491581614
677,-0.42893619491581614
678,-0.42893619491581614
679,-0.896363196810187
680,-0.42893619491581614
681,-0.42893619491581614
682,-0.42893619491581614
683,-0.42893619491581614
684,-0.42893619491581614
685,-0.42893619491581614
686,-0.42893619491581614
687,-0.42893619491581614
688,-0.42893619491581614
689,-0.42893619491581614
690,-0.42893619491581614
691,-0.42893619491581614
692,-0.42893619491581614
693,-0.42893619491581614
694,-0.42893619491581614
695,-0.42893619491581614
696,-0.42893619491581614
697,-0.42893619491581614
698,-0.42893619491581614
699,-0.896363196810187
700,-0.42893619491581614
701,-0.896363196810187
702,-0.42893619491581614
703,-0.42893619491581614
704,-0.896363196810187
705,-0.42893619491581614
706,-0.42893619491581614
707,-0.9900590216433561
708,-0.42893619491581614
709,-0.896363196810187
710,-0.42893619491581614
711,-0.42893619491581614
712,-0.42893619491581614
713,-0.42893619491581614
714,-0.42893619491581614
715,-0.42893619491581614
716,-0.42893619491581614
717,-0.42893619491581614
718,-0.42893619491581614
719,-0.896363196810187
720,-0.42893619491581614
721,-0.42893619491581614
722,-0.42893619491581614
723,-0.42893619491581614
724,-0.42893619491581614
725,-0.42893619491581614
726,-0.42893619491581614
727,-0.42893619491581614
728,-0.42893619491581614
729,-0.42893619491581614
730,-0.42893619491581614
731,-0.42893619491581614
732,-0.42893619491581614
733,-0.9900590216433561
734,-0.42893619491581614
735,-0.896363196810187
736,-0.42893619491581614
737,-0.42893619491581614
738,-0.42893619491581614
739,-0.42893619491581614
740,-0.42893619491581614
741,-0.42893619491581614
742,-0.42893619491581614
743,-0.42893619491581614
744,-0.42893619491581614
745,-0.42893619491581614
746,-0.42893619491581614
747,-0.42893619491581614
748,-0.42893619491581614
749,-0.9991287805481117
750,-0.42893619491581614
751,-0.42893619491581614
752,-0.42893619491581614
753,-0.42893619491581614
754,-0.42893619491581614
755,-0.9900590216433561
756,-0.42893619491581614
757,-0.42893619491581614
758,-0.42893619491581614
759,-0.42893619491581614
760,-0.896363196810187
761,-0.42893619491581614
762,-0.42893619491581614
763,-0.42893619491581614
764,-0.42893619491581614
765,-0.42893619491581614
766,-0.42893619491581614
767,-0.42893619491581614
768,-0.42893619491581614
769,-0.42893619491581614
770,-0.42893619491581614
771,-0.42893619491581614
772,-0.42893619491581614
773,-0.42893619491581614
774,-0.42893619491581614
775,-0.42893619491581614
776,-0.42893619491581614
777,-0.42893619491581614
778,-0.42893619491581614
779,-0.42893619491581614
780,-0.42893619491581614
781,-0.42893619491581614
782,-0.42893619491581614
783,-0.42893619491581614
784,-0.42893619491581614
785,-0.896363196810187
786,-0.896363196810187
787,-0.42893619491581614
788,-0.42893619491581614
789,-0.42893619491581614
790,-0.42893619491581614
791,-0.42893619491581614
792,-0.42893619491581614
793,-0.42893619491581614
794,-0.42893619491581614
795,-0.42893619491581614
796,-0.42893619491581614
797,-0.42893619491581614
798,-0.42893619491581614
799,-0.42893619491581614
800,-0.42893619491581614
801,-0.42893619491581614
802,-0.42893619491581614
803,-0.42893619491581614
804,-0.42893619491581614
805,-0.42893619491581614
806,-0.42893619491581614
807,-0.42893619491581614
808,-0.42893619491581614
809,-0.42893619491581614
810,-0.42893619491581614
811,-0.42893619491581614
812,-0.42893619491581614
813,-0.42893619491581614
814,-0.42893619491581614
815,-0.42893619491581614
816,-0.42893619491581614
817,-0.42893619491581614
818,-0.42893619491581614
819,-0.42893619491581614
820,-0.42893619491581614
821,-0.42893619491581614
822,-0.42893619491581614
823,-0.9900590216433561
824,-0.42893619491581614
825,-0.896363196810187
826,-0.42893619491581614
827,-0.42893619491581614
828,-0.42893619491581614
829,-0.42893619491581614
830,-0.42893619491581614
831,-0.42893619491581614
832,-0.42893619491581614
833,-0.42893619491581614
834,-0.42893619491581614
835,-0.42893619491581614
836,-0.42893619491581614
837,-0.42893619491581614
838,-0.42893619491581614
839,-0.42893619491581614
840,-0.896363196810187
841,-0.42893619491581614
842,-0.42893619491581614
843,-0.42893619491581614
844,-0.42893619491581614
845,-0.42893619491581614
846,-0.42893619491581614
847,-0.42893619491581614
848,-0.42893619491581614
849,-0.42893619491581614
850,-0.896363196810187
851,-0.42893619491581614
852,-0.42893619491581614
853,-0.42893619491581614
854,-0.42893619491581614
855,-0.42893619491581614
856,-0.896363196810187
857,-0.42893619491581614
858,-0.42893619491581614
859,-0.42893619491581614
860,-0.42893619491581614
861,-0.42893619491581614
862,-0.42893619491581614
863,-0.42893619491581614
864,-0.42893619491581614
865,-0.42893619491581614
866,-0.42893619491581614
867,-0.42893619491581614
868,-0.42893619491581614
869,-0.42893619491581614
870,-0.42893619491581614
871,-0.42893619491581614
872,-0.42893619491581614
873,-0.42893619491581614
874,-0.896363196810187
875,-0.896363196810187
876,-0.42893619491581614
877,-0.42893619491581614
878,-0.42893619491581614
879,-0.9900590216433561
880,-0.42893619491581614
881,-0.42893619491581614
882,-0.42893619491581614
883,-0.42893619491581614
884,-0.42893619491581614
885,-0.42893619491581614
886,-0.42893619491581614
887,-0.42893619491581614
888,-0.42893619491581614
889,-0.42893619491581614
890,-0.42893619491581614
891,-0.42893619491581614
892,-0.42893619491581614
893,-0.42893619491581614
894,-0.42893619491581614
895,-0.42893619491581614
896,-0.42893619491581614
897,-0.42893619491581614
898,-0.42893619491581614
899,-0.42893619491581614
900,-0.42893619491581614
901,-0.42893619491581614
902,-0.42893619491581614
903,-0.42893619491581614
904,-0.896363196810187
905,-0.42893619491581614
906,-0.42893619491581614
907,-0.42893619491581614
908,-0.896363196810187
909,-0.42893619491581614
910,-0.42893619491581614
911,-0.42893619491581614
912,-0.42893619491581614
913,-0.42893619491581614
914,-0.42893619491581614
915,-0.42893619491581614
916,-0.42893619491581614
917,-0.42893619491581614
918,-0.42893619491581614
919,-0.42893619491581614
920,-0.42893619491581614
921,-0.42893619491581614
922,-0.42893619491581614
923,-0.42893619491581614
924,-0.42893619491581614
925,-0.42893619491581614
926,-0.42893619491581614
927,-0.42893619491581614
928,-0.42893619491581614
929,-0.42893619491581614
930,-0.42893619491581614
931,-0.42893619491581614
932,-0.42893619491581614
933,-0.42893619491581614
934,-0.42893619491581614
935,-0.42893619491581614
936,-0.42893619491581614
937,-0.42893619491581614
938,-0.42893619491581614
939,-0.42893619491581614
940,-0.42893619491581614
941,-0.42893619491581614
942,-0.42893619491581614
943,-0.42893619491581614
944,-0.42893619491581614
945,-0.42893619491581614
946,-0.42893619491581614
947,-0.42893619491581614
948,-0.42893619491581614
949,-0.9900590216433561
950,-0.42893619491581614
951,-0.42893619491581614
952,-0.42893619491581614
953,-0.42893619491581614
954,-0.42893619491581614
955,-0.42893619491581614
956,-0.42893619491581614
957,-0.42893619491581614
958,-0.42893619491581614
959,-0.42893619491581614
960,-0.42893619491581614
961,-0.42893619491581614
962,-0.42893619491581614
963,-0.42893619491581614
964,-0.42893619491581614
965,-0.42893619491581614
966,-0.42893619491581614
967,-0.42893619491581614
968,-0.42893619491581614
969,-0.42893619491581614
970,-0.42893619491581614
971,-0.42893619491581614
972,-0.42893619491581614
973,-0.42893619491581614
974,-0.42893619491581614
975,-0.42893619491581614
976,-0.42893619491581614
977,-0.42893619491581614
978,-0.42893619491581614
979,-0.42893619491581614
980,-0.42893619491581614
981,-0.42893619491581614
982,-0.42893619491581614
983,-0.42893619491581614
984,-0.42893619491581614
985,-0.42893619491581614
986,-0.42893619491581614
987,-0.42893619491581614
988,-0.9900590216433561
989,-0.42893619491581614
990,-0.42893619491581614
991,-0.42893619491581614
992,-0.42893619491581614
993,-0.42893619491581614
994,-0.42893619491581614
995,-0.42893619491581614
996,-0.42893619491581614
997,-0.42893619491581614
998,-0.42893619491581614
999,-0.42893619491581614
1000,0.5710638050841839
1001,0.5710638050841839
1002,0.5710638050841839
1003,0.5710638050841839
1004,0.5710638050841839
1005,0.5710638050841839
1006,0.5710638050841839
1007,0.5710638050841839
1008,0.5710638050841839
1009,0.10363680318981305
1010,0.5710638050841839
1011,0.5710638050841839
1012,0.00994097835664387
1013,0.5710638050841839
1014,0.5710638050841839
1015,0.5710638050841839
1016,0.5710638050841839
1017,0.5710638050841839
1018,0.5710638050841839
1019,0.5710638050841839
1020,0.5710638050841839
1021,0.5710638050841839
1022,0.5710638050841839
1023,0.5710638050841839
1024,0.5710638050841839
1025,0.5710638050841839
1026,0.5710638050841839
1027,0.10363680318981305
1028,0.5710638050841839
1029,0.5710638050841839
1030,0.5710638050841839
1031,0.5710638050841839
1032,0.5710638050841839
1033,0.5710638050841839
1034,0.5710638050841839
1035,0.10363680318981305
1036,0.5710638050841839
1037,0.5710638050841839
1038,0.5710638050841839
1039,0.5710638050841839
1040,0.5710638050841839
1041,0.5710638050841839
1042,0.5710638050841839
1043,0.00994097835664387
1044,0.5710638050841839
1045,0.5710638050841839
1046,0.5710638050841839
1047,0.5710638050841839
1048,0.5710638050841839
1049,0.5710638050841839
1050,0.5710638050841839
1051,0.5710638050841839
1052,0.5710638050841839
1053,0.5710638050841839
1054,0.5710638050841839
1055,0.5710638050841839
1056,0.5710638050841839
1057,0.5710638050841839
1058,0.5710638050841839
1059,0.10363680318981305
1060,0.5710638050841839
1061,0.5710638050841839
1062,0.5710638050841839
1063,0.10363680318981305
1064,0.5710638050841839
1065,0.5710638050841839
1066,0.5710638050841839
1067,0.5710638050841839
1068,0.10363680318981305
1069,0.5710638050841839
1070,0.5710638050841839
1071,0.5710638050841839
1072,0.5710638050841839
1073,0.5710638050841839
1074,0.5710638050841839
1075,0.00994097835664387
1076,0.5710638050841839
1077,0.5710638050841839
1078,0.5710638050841839
1079,0.5710638050841839
1080,0.5710638050841839
1081,0.00994097835664387
1082,0.5710638050841839
1083,0.5710638050841839
1084,0.5710638050841839
1085,0.5710638050841839
1086,0.5710638050841839
1087,0.5710638050841839
1088,0.5710638050841839
1089,0.5710638050841839
1090,0.5710638050841839
1091,0.5710638050841839
1092,0.5710638050841839
1093,0.5710638050841839
1094,0.10363680318981305
1095,0.5710638050841839
1096,0.5710638050841839
1097,0.5710638050841839
1098,0.5710638050841839
1099,0.10363680318981305
1100,0.5710638050841839
1101,0.5710638050841839
1102,0.5710638050841839
1103,0.10363680318981305
1104,0.5710638050841839
1105,0.5710638050841839
1106,0.5710638050841839
1107,0.5710638050841839
1108,0.5710638050841839
1109,0.5710638050841839
1110,0.5710638050841839
1111,0.5710638050841839
1112,0.5710638050841839
1113,0.5710638050841839
1114,0.5710638050841839
1115,0.5710638050841839
1116,0.5710638050841839
1117,0.5710638050841839
1118,0.10363680318981305
1119,0.10363680318981305
1120,0.5710638050841839
1121,0.5710638050841839
1122,0.5710638050841839
1123,0.5710638050841839
1124,0.5710638050841839
1125,0.5710638050841839
1126,0.10363680318981305
1127,0.5710638050841839
1128,0.5710638050841839
1129,0.5710638050841839
1130,0.5710638050841839
1131,0.5710638050841839
1132,0.5710638050841839
1133,0.5710638050841839
1134,0.5710638050841839
1135,0.5710638050841839
1136,0.5710638050841839
1137,0.10363680318981305
1138,0.5710638050841839
1139,0.10363680318981305
1140,0.5710638050841839
1141,0.5710638050841839
1142,0.5710638050841839
1143,0.5710638050841839
1144,0.5710638050841839
1145,0.5710638050841839
1146,0.5710638050841839
1147,0.5710638050841839
1148,0.10363680318981305
1149,0.5710638050841839
1150,0.5710638050841839
1151,0.5710638050841839
1152,0.5710638050841839
1153,0.5710638050841839
1154,0.5710638050841839
1155,0.10363680318981305
1156,0.5710638050841839
1157,0.5710638050841839
1158,0.5710638050841839
1159,0.10363680318981305
1160,0.5710638050841839
1161,0.10363680318981305
1162,0.5710638050841839
1163,0.5710638050841839
1164,0.5710638050841839
1165,0.5710638050841839
1166,0.5710638050841839
1167,0.5710638050841839
1168,0.5710638050841839
1169,0.5710638050841839
1170,0.5710638050841839
1171,0.5710638050841839
1172,0.5710638050841839
1173,0.00994097835664387
1174,0.5710638050841839
1175,0.5710638050841839
1176,0.5710638050841839
1177,0.5710638050841839
1178,0.5710638050841839
1179,0.5710638050841839
1180,0.5710638050841839
1181,0.5710638050841839
1182,0.5710638050841839
1183,0.5710638050841839
1184,0.5710638050841839
1185,0.5710638050841839
1186,0.5710638050841839
1187,0.5710638050841839
1188,0.5710638050841839
1189,0.5710638050841839
1190,0.5710638050841839
1191,0.5710638050841839
1192,0.5710638050841839
1193,0.5710638050841839
1194,0.5710638050841839
1195,0.5710638050841839
1196,0.5710638050841839
1197,0.5710638050841839
1198,0.5710638050841839
1199,0.5710638050841839
1200,0.5710638050841839
1201,0.5710638050841839
1202,0.10363680318981305
1203,0.5710638050841839
1204,0.5710638050841839
1205,0.5710638050841839
1206,0.5710638050841839
1207,0.5710638050841839
1208,0.5710638050841839
1209,0.5710638050841839
1210,0.00994097835664387
1211,0.10363680318981305
1212,0.5710638050841839
1213,0.5710638050841839
1214,0.5710638050841839
1215,0.5710638050841839
1216,0.5710638050841839
1217,0.5710638050841839
1218,0.5710638050841839
1219,0.10363680318981305
1220,0.5710638050841839
1221,0.5710638050841839
1222,0.5710638050841839
1223,0.5710638050841839
1224,0.10363680318981305
1225,0.5710638050841839
1226,0.5710638050841839
1227,0.5710638050841839
1228,0.5710638050841839
1229,0.10363680318981305
1230,0.5710638050841839
1231,0.10363680318981305
1232,0.5710638050841839
1233,0.5710638050841839
1234,0.5710638050841839
1235,0.5710638050841839
1236,0.5710638050841839
1237,0.5710638050841839
1238,0.5710638050841839
1239,0.5710638050841839
1240,0.5710638050841839
1241,0.00994097835664387
1242,0.5710638050841839
1243,0.5710638050841839
1244,0.5710638050841839
1245,0.5710638050841839
1246,0.5710638050841839
1247,0.5710638050841839
1248,0.5710638050841839
1249,0.5710638050841839
1250,0.5710638050841839
1251,0.5710638050841839
1252,0.5710638050841839
1253,0.5710638050841839
1254,0.5710638050841839
1255,0.5710638050841839
1256,0.5710638050841839
1257,0.00994097835664387
1258,0.5710638050841839
1259,0.5710638050841839
1260,0.5710638050841839
1261,0.5710638050841839
1262,0.5710638050841839
1263,0.5710638050841839
1264,0.5710638050841839
1265,0.5710638050841839
1266,0.5710638050841839
1267,0.5710638050841839
1268,0.5710638050841839
1269,0.5710638050841839
1270,0.5710638050841839
1271,0.5710638050841839
1272,0.5710638050841839
1273,0.5710638050841839
1274,0.5710638050841839
1275,0.5710638050841839
1276,0.5710638050841839
1277,0.5710638050841839
1278,0.5710638050841839
1279,0.5710638050841839
1280,0.5710638050841839
1281,0.5710638050841839
1282,0.5710638050841839
1283,0.5710638050841839
1284,0.5710638050841839
1285,0.5710638050841839
1286,0.5710638050841839
1287,0.5710638050841839
1288,0.5710638050841839
1289,0.5710638050841839
1290,0.5710638050841839
1291,0.5710638050841839
1292,0.5710638050841839
1293,0.5710638050841839
1294,0.5710638050841839
1295,0.5710638050841839
1296,0.10363680318981305
1297,0.5710638050841839
1298,0.5710638050841839
1299,0.5710638050841839
1300,0.5710638050841839
1301,0.5710638050841839
1302,0.5710638050841839
1303,0.5710638050841839
1304,0.5710638050841839
1305,0.5710638050841839
1306,0.5710638050841839
1307,0.5710638050841839
1308,0.5710638050841839
1309,0.5710638050841839
1310,0.5710638050841839
1311,0.5710638050841839
1312,0.5710638050841839
1313,0.5710638050841839
1314,0.5710638050841839
1315,0.10363680318981305
1316,0.5710638050841839
1317,0.5710638050841839
1318,0.5710638050841839
1319,0.5710638050841839
1320,0.5710638050841839
1321,0.5710638050841839
1322,0.5710638050841839
1323,0.5710638050841839
1324,0.5710638050841839
1325,0.5710638050841839
1326,0.5710638050841839
1327,0.5710638050841839
1328,0.5710638050841839
1329,0.5710638050841839
1330,0.10363680318981305
1331,0.5710638050841839
1332,0.5710638050841839
1333,0.10363680318981305
1334,0.10363680318981305
1335,0.5710638050841839
1336,0.5710638050841839
1337,0.5710638050841839
1338,0.5710638050841839
1339,0.5710638050841839
1340,0.5710638050841839
1341,0.5710638050841839
1342,0.5710638050841839
1343,0.5710638050841839
1344,0.5710638050841839
1345,0.5710638050841839
1346,0.5710638050841839
1347,0.5710638050841839
1348,0.5710638050841839
1349,0.5710638050841839
1350,0.10363680318981305
1351,0.5710638050841839
1352,0.5710638050841839
1353,0.10363680318981305
1354,0.5710638050841839
1355,0.5710638050841839
1356,0.10363680318981305
1357,0.5710638050841839
1358,0.5710638050841839
1359,0.5710638050841839
1360,0.5710638050841839
1361,0.00994097835664387
1362,0.5710638050841839
1363,0.5710638050841839
1364,0.5710638050841839
1365,0.5710638050841839
1366,0.5710638050841839
1367,0.5710638050841839
1368,0.5710638050841839
1369,0.5710638050841839
1370,0.5710638050841839
1371,0.5710638050841839
1372,0.5710638050841839
1373,0.5710638050841839
1374,0.5710638050841839
1375,0.5710638050841839
1376,0.5710638050841839
1377,0.5710638050841839
1378,0.5710638050841839
1379,0.5710638050841839
1380,0.5710638050841839
1381,0.5710638050841839
1382,0.5710638050841839
1383,0.5710638050841839
1384,0.5710638050841839
1385,0.5710638050841839
1386,0.5710638050841839
1387,0.5710638050841839
1388,0.5710638050841839
1389,0.5710638050841839
1390,0.5710638050841839
1391,0.5710638050841839
1392,0.5710638050841839
1393,0.10363680318981305
1394,0.5710638050841839
1395,0.5710638050841839
1396,0.5710638050841839
1397,0.5710638050841839
1398,0.5710638050841839
1399,0.5710638050841839
1400,0.5710638050841839
1401,0.5710638050841839
1402,0.5710638050841839
1403,0.5710638050841839
1404,0.5710638050841839
1405,0.5710638050841839
1406,0.5710638050841839
1407,0.5710638050841839
1408,0.5710638050841839
1409,0.5710638050841839
1410,0.5710638050841839
1411,0.5710638050841839
1412,0.5710638050841839
1413,0.5710638050841839
1414,0.5710638050841839
1415,0.5710638050841839
1416,0.5710638050841839
1417,0.5710638050841839
1418,0.5710638050841839
1419,0.5710638050841839
1420,0.5710638050841839
1421,0.5710638050841839
1422,0.5710638050841839
1423,0.5710638050841839
1424,0.5710638050841839
1425,0.00994097835664387
1426,0.5710638050841839
1427,0.5710638050841839
1428,0.5710638050841839
1429,0.5710638050841839
1430,0.00994097835664387
1431,0.5710638050841839
1432,0.5710638050841839
1433,0.5710638050841839
1434,0.5710638050841839
1435,0.5710638050841839
1436,0.5710638050841839
1437,0.5710638050841839
1438,0.5710638050841839
1439,0.5710638050841839
1440,0.5710638050841839
1441,0.5710638050841839
1442,0.5710638050841839
1443,0.5710638050841839
1444,0.5710638050841839
1445,0.5710638050841839
1446,0.5710638050841839
1447,0.5710638050841839
1448,0.5710638050841839
1449,0.5710638050841839
1450,0.5710638050841839
1451,0.5710638050841839
1452,0.5710638050841839
1453,0.5710638050841839
1454,0.5710638050841839
1455,0.5710638050841839
1456,0.5710638050841839
1457,0.5710638050841839
1458,0.5710638050841839
1459,0.5710638050841839
1460,0.5710638050841839
1461,0.10363680318981305
1462,0.5710638050841839
1463,0.5710638050841839
1464,0.5710638050841839
1465,0.5710638050841839
1466,0.5710638050841839
1467,0.5710638050841839
1468,0.5710638050841839
1469,0.5710638050841839
1470,0.5710638050841839
1471,0.5710638050841839
1472,0.5710638050841839
1473,0.5710638050841839
1474,0.5710638050841839
1475,0.5710638050841839
1476,0.5710638050841839
1477,0.5710638050841839
1478,0.5710638050841839
1479,0.5710638050841839
1480,0.5710638050841839
1481,0.5710638050841839
1482,0.5710638050841839
1483,0.5710638050841839
1484,0.5710638050841839
1485,0.5710638050841839
1486,0.5710638050841839
1487,0.5710638050841839
1488,0.5710638050841839
1489,0.5710638050841839
1490,0.5710638050841839
1491,0.10363680318981305
1492,0.5710638050841839
1493,0.5710638050841839
1494,0.5710638050841839
1495,0.5710638050841839
1496,0.00994097835664387
1497,0.10363680318981305
1498,0.5710638050841839
1499,0.5710638050841839
1500,0.5710638050841839
1501,0.5710638050841839
1502,0.5710638050841839
1503,0.5710638050841839
1504,0.5710638050841839
1505,0.5710638050841839
1506,0.5710638050841839
1507,0.5710638050841839
1508,0.10363680318981305
1509,0.5710638050841839
1510,0.5710638050841839
1511,0.00994097835664387
1512,0.5710638050841839
1513,0.5710638050841839
1514,0.5710638050841839
1515,0.5710638050841839
1516,0.5710638050841839
1517,0.5710638050841839
1518,0.5710638050841839
1519,0.5710638050841839
1520,0.5710638050841839
1521,0.5710638050841839
1522,0.5710638050841839
1523,0.5710638050841839
1524,0.5710638050841839
1525,0.5710638050841839
1526,0.10363680318981305
1527,0.5710638050841839
1528,0.5710638050841839
1529,0.5710638050841839
1530,0.5710638050841839
1531,0.5710638050841839
1532,0.5710638050841839
1533,0.5710638050841839
1534,0.10363680318981305
1535,0.5710638050841839
1536,0.5710638050841839
1537,0.5710638050841839
1538,0.5710638050841839
1539,0.5710638050841839
1540,0.5710638050841839
1541,0.5710638050841839
1542,0.00994097835664387
1543,0.5710638050841839
1544,0.5710638050841839
1545,0.5710638050841839
1546,0.5710638050841839
1547,0.5710638050841839
1548,0.5710638050841839
1549,0.5710638050841839
1550,0.5710638050841839
1551,0.5710638050841839
1552,0.5710638050841839
1553,0.5710638050841839
1554,0.5710638050841839
1555,0.5710638050841839
1556,0.5710638050841839
1557,0.5710638050841839
1558,0.10363680318981305
1559,0.5710638050841839
1560,0.5710638050841839
1561,0.5710638050841839
1562,0.10363680318981305
1563,0.5710638050841839
1564,0.5710638050841839
1565,0.5710638050841839
1566,0.5710638050841839
1567,0.10363680318981305
1568,0.5710638050841839
1569,0.5710638050841839
1570,0.5710638050841839
1571,0.5710638050841839
1572,0.5710638050841839
1573,0.5710638050841839
1574,0.00994097835664387
1575,0.5710638050841839
1576,0.5710638050841839
1577,0.5710638050841839
1578,0.5710638050841839
1579,0.5710638050841839
1580,0.00994097835664387
1581,0.5710638050841839
1582,0.5710638050841839
1583,0.5710638050841839
1584,0.5710638050841839
1585,0.5710638050841839
1586,0.5710638050841839
1587,0.5710638050841839
1588,0.5710638050841839
1589,0.5710638050841839
1590,0.5710638050841839
1591,0.5710638050841839
1592,0.5710638050841839
1593,0.10363680318981305
1594,0.5710638050841839
1595,0.5710638050841839
1596,0.5710638050841839
1597,0.5710638050841839
1598,0.10363680318981305
1599,0.5710638050841839
1600,0.5710638050841839
1601,0.5710638050841839
1602,0.10363680318981305
1603,0.5710638050841839
1604,0.5710638050841839
1605,0.5710638050841839
1606,0.5710638050841839
1607,0.5710638050841839
1608,0.5710638050841839
1609,0.5710638050841839
1610,0.5710638050841839
1611,0.5710638050841839
1612,0.5710638050841839
1613,0.5710638050841839
1614,0.5710638050841839
1615,0.5710638050841839
1616,0.5710638050841839
1617,0.10363680318981305
1618,0.10363680318981305
1619,0.5710638050841839
1620,0.5710638050841839
1621,0.5710638050841839
1622,0.5710638050841839
1623,0.5710638050841839
1624,0.5710638050841839
1625,0.10363680318981305
1626,0.5710638050841839
1627,0.5710638050841839
1628,0.5710638050841839
1629,0.5710638050841839
1630,0.5710638050841839
1631,0.5710638050841839
1632,0.5710638050841839
1633,0.5710638050841839
1634,0.5710638050841839
1635,0.5710638050841839
1636,0.10363680318981305
1637,0.5710638050841839
1638,0.10363680318981305
1639,0.5710638050841839
1640,0.5710638050841839
1641,0.5710638050841839
1642,0.5710638050841839
1643,0.5710638050841839
1644,0.5710638050841839
1645,0.5710638050841839
1646,0.5710638050841839
1647,0.10363680318981305
1648,0.5710638050841839
1649,0.5710638050841839
1650,0.5710638050841839
1651,0.5710638050841839
1652,0.5710638050841839
1653,0.5710638050841839
1654,0.10363680318981305
1655,0.5710638050841839
1656,0.5710638050841839
1657,0.5710638050841839
1658,0.10363680318981305
1659,0.5710638050841839
1660,0.10363680318981305
1661,0.5710638050841839
1662,0.5710638050841839
1663,0.5710638050841839
1664,0.5710638050841839
1665,0.5710638050841839
1666,0.5710638050841839
1667,0.5710638050841839
1668,0.5710638050841839
1669,0.5710638050841839
1670,0.5710638050841839
1671,0.5710638050841839
1672,0.00994097835664387
1673,0.5710638050841839
1674,0.5710638050841839
1675,0.5710638050841839
1676,0.5710638050841839
1677,0.5710638050841839
1678,0.5710638050841839
1679,0.5710638050841839
1680,0.5710638050841839
1681,0.5710638050841839
1682,0.5710638050841839
1683,0.5710638050841839
1684,0.5710638050841839
1685,0.5710638050841839
1686,0.5710638050841839
1687,0.5710638050841839
1688,0.5710638050841839
1689,0.5710638050841839
1690,0.5710638050841839
1691,0.5710638050841839
1692,0.5710638050841839
1693,0.5710638050841839
1694,0.5710638050841839
1695,0.5710638050841839
1696,0.5710638050841839
1697,0.5710638050841839
1698,0.5710638050841839
1699,0.5710638050841839
1700,0.5710638050841839
1701,0.10363680318981305
1702,0.5710638050841839
1703,0.5710638050841839
1704,0.5710638050841839
1705,0.5710638050841839
1706,0.5710638050841839
1707,0.5710638050841839
1708,0.5710638050841839
1709,0.00994097835664387
1710,0.10363680318981305
1711,0.5710638050841839
1712,0.5710638050841839
1713,0.5710638050841839
1714,0.5710638050841839
1715,0.5710638050841839
1716,0.5710638050841839
1717,0.5710638050841839
1718,0.10363680318981305
1719,0.5710638050841839
1720,0.5710638050841839
1721,0.5710638050841839
1722,0.5710638050841839
1723,0.10363680318981305
1724,0.5710638050841839
1725,0.5710638050841839
1726,0.5710638050841839
1727,0.5710638050841839
1728,0.10363680318981305
1729,0.5710638050841839
1730,0.10363680318981305
1731,0.5710638050841839
1732,0.5710638050841839
1733,0.5710638050841839
1734,0.5710638050841839
1735,0.5710638050841839
1736,0.5710638050841839
1737,0.5710638050841839
1738,0.5710638050841839
1739,0.5710638050841839
1740,0.00994097835664387
1741,0.5710638050841839
1742,0.5710638050841839
1743,0.5710638050841839
1744,0.5710638050841839
1745,0.5710638050841839
1746,0.5710638050841839
1747,0.5710638050841839
1748,0.5710638050841839
1749,0.5710638050841839
1750,0.5710638050841839
1751,0.5710638050841839
1752,0.5710638050841839
1753,0.5710638050841839
1754,0.5710638050841839
1755,0.5710638050841839
1756,0.00994097835664387
1757,0.5710638050841839
1758,0.5710638050841839
1759,0.5710638050841839
1760,0.5710638050841839
1761,0.5710638050841839
1762,0.5710638050841839
1763,0.5710638050841839
1764,0.5710638050841839
1765,0.5710638050841839
1766,0.5710638050841839
1767,0.5710638050841839
1768,0.5710638050841839
1769,0.5710638050841839
1770,0.5710638050841839
1771,0.5710638050841839
1772,0.5710638050841839
1773,0.5710638050841839
1774,0.5710638050841839
1775,0.5710638050841839
1776,0.5710638050841839
1777,0.5710638050841839
1778,0.5710638050841839
1779,0.5710638050841839
1780,0.5710638050841839
1781,0.5710638050841839
1782,0.5710638050841839
1783,0.5710638050841839
1784,0.5710638050841839
1785,0.5710638050841839
1786,0.5710638050841839
1787,0.5710638050841839
1788,0.5710638050841839
1789,0.5710638050841839
1790,0.5710638050841839
1791,0.5710638050841839
1792,0.5710638050841839
1793,0.5710638050841839
1794,0.5710638050841839
1795,0.10363680318981305
1796,0.5710638050841839
1797,0.5710638050841839
1798,0.5710638050841839
1799,0.5710638050841839
1800,0.5710638050841839
1801,0.5710638050841839
1802,0.5710638050841839
1803,0.5710638050841839
1804,0.5710638050841839
1805,0.5710638050841839
1806,0.5710638050841839
1807,0.5710638050841839
1808,0.5710638050841839
1809,0.5710638050841839
1810,0.5710638050841839
1811,0.5710638050841839
1812,0.5710638050841839
1813,0.5710638050841839
1814,0.10363680318981305
1815,0.5710638050841839
1816,0.5710638050841839
1817,0.5710638050841839
1818,0.5710638050841839
1819,0.5710638050841839
1820,0.5710638050841839
1821,0.5710638050841839
1822,0.5710638050841839
1823,0.5710638050841839
1824,0.5710638050841839
1825,0.5710638050841839
1826,0.5710638050841839
1827,0.5710638050841839
1828,0.5710638050841839
1829,0.10363680318981305
1830,0.5710638050841839
1831,0.5710638050841839
1832,0.10363680318981305
1833,0.10363680318981305
1834,0.5710638050841839
1835,0.5710638050841839
1836,0.5710638050841839
1837,0.5710638050841839
1838,0.5710638050841839
1839,0.5710638050841839
1840,0.5710638050841839
1841,0.5710638050841839
1842,0.5710638050841839
1843,0.5710638050841839
1844,0.5710638050841839
1845,0.5710638050841839
1846,0.5710638050841839
1847,0.5710638050841839
1848,0.5710638050841839
1849,0.10363680318981305
1850,0.5710638050841839
1851,0.5710638050841839
1852,0.10363680318981305
1853,0.5710638050841839
1854,0.5710638050841839
1855,0.10363680318981305
1856,0.5710638050841839
1857,0.5710638050841839
1858,0.5710638050841839
1859,0.5710638050841839
1860,0.00994097835664387
1861,0.5710638050841839
1862,0.5710638050841839
1863,0.5710638050841839
1864,0.5710638050841839
1865,0.5710638050841839
1866,0.5710638050841839
1867,0.5710638050841839
1868,0.5710638050841839
1869,0.5710638050841839
1870,0.5710638050841839
1871,0.5710638050841839
1872,0.5710638050841839
1873,0.5710638050841839
1874,0.5710638050841839
1875,0.5710638050841839
1876,0.5710638050841839
1877,0.5710638050841839
1878,0.5710638050841839
1879,0.5710638050841839
1880,0.5710638050841839
1881,0.5710638050841839
1882,0.5710638050841839
1883,0.5710638050841839
1884,0.5710638050841839
1885,0.5710638050841839
1886,0.5710638050841839
1887,0.5710638050841839
1888,0.5710638050841839
1889,0.5710638050841839
1890,0.5710638050841839
1891,0.5710638050841839
1892,0.10363680318981305
1893,0.5710638050841839
1894,0.5710638050841839
1895,0.5710638050841839
1896,0.5710638050841839
1897,0.5710638050841839
1898,0.5710638050841839
1899,0.5710638050841839
1900,0.5710638050841839
1901,0.5710638050841839
1902,0.5710638050841839
1903,0.5710638050841839
1904,0.5710638050841839
1905,0.5710638050841839
1906,0.5710638050841839
1907,0.5710638050841839
1908,0.5710638050841839
1909,0.5710638050841839
1910,0.5710638050841839
1911,0.5710638050841839
1912,0.5710638050841839
1913,0.5710638050841839
1914,0.5710638050841839
1915,0.5710638050841839
1916,0.5710638050841839
1917,0.5710638050841839
1918,0.5710638050841839
1919,0.5710638050841839
1920,0.5710638050841839
1921,0.5710638050841839
1922,0.5710638050841839
1923,0.5710638050841839
1924,0.00994097835664387
1925,0.5710638050841839
1926,0.5710638050841839
1927,0.5710638050841839
1928,0.5710638050841839
1929,0.00994097835664387
1930,0.5710638050841839
1931,0.5710638050841839
1932,0.5710638050841839
1933,0.5710638050841839
1934,0.5710638050841839
1935,0.5710638050841839
1936,0.5710638050841839
1937,0.5710638050841839
1938,0.5710638050841839
1939,0.5710638050841839
1940,0.5710638050841839
1941,0.5710638050841839
1942,0.5710638050841839
1943,0.5710638050841839
1944,0.5710638050841839
1945,0.5710638050841839
1946,0.5710638050841839
1947,0.5710638050841839
1948,0.5710638050841839
1949,0.5710638050841839
1950,0.5710638050841839
1951,0.5710638050841839
1952,0.5710638050841839
1953,0.5710638050841839
1954,0.5710638050841839
1955,0.5710638050841839
1956,0.5710638050841839
1957,0.5710638050841839
1958,0.5710638050841839
1959,0.5710638050841839
1960,0.10363680318981305
1961,0.5710638050841839
1962,0.5710638050841839
1963,0.5710638050841839
1964,0.5710638050841839
1965,0.5710638050841839
1966,0.5710638050841839
1967,0.5710638050841839
1968,0.5710638050841839
1969,0.5710638050841839
1970,0.5710638050841839
1971,0.5710638050841839
1972,0.5710638050841839
1973,0.5710638050841839
1974,0.5710638050841839
1975,0.5710638050841839
1976,0.5710638050841839
1977,0.5710638050841839
1978,0.5710638050841839
1979,0.5710638050841839
1980,0.5710638050841839
1981,0.5710638050841839
1982,0.5710638050841839
1983,0.5710638050841839
1984,0.5710638050841839
1985,0.5710638050841839
1986,0.5710638050841839
1987,0.5710638050841839
1988,0.5710638050841839
1989,0.5710638050841839
1990,0.10363680318981305
1991,0.5710638050841839
1992,0.5710638050841839
1993,0.5710638050841839
1994,0.5710638050841839
1995,0.00994097835664387
1996,0.10363680318981305
1997,0.5710638050841839
